{"film": 1.0, "tout": 0.6223544973544973, "mem": 0.5713183421516755, "plu": 0.45513668430335097, "fait": 0.4041005291005291, "comm": 0.39991181657848324, "star war": 0.39186507936507936, "real": 0.3887786596119929, "bien": 0.3861331569664903, "histoir": 0.38249559082892415, "fin": 0.3726851851851852, "scenario": 0.3544973544973545, "a": 0.3517416225749559, "vrai": 0.34953703703703703, "effet special": 0.32572751322751325, "personnag": 0.30709876543209874, "autr": 0.23390652557319225, "peu": 0.2282848324514991, "tre bon": 0.2234347442680776, "alor": 0.22233245149911818, "rest": 0.2216710758377425, "cet": 0.22056878306878308, "car": 0.2080026455026455, "final": 0.20679012345679013, "tel": 0.20590828924162258, "encor": 0.20238095238095238, "donc": 0.19907407407407407, "chef oeuvr": 0.19808201058201058, "scen": 0.19389329805996472, "trouv": 0.19047619047619047, "part": 0.19047619047619047, "surtout": 0.18727954144620812, "cel": 0.1867283950617284, "seul": 0.18628747795414463, "etait": 0.1761463844797178, "bon film": 0.171847442680776, "dir": 0.17041446208112876, "forc": 0.16655643738977072, "toujour": 0.16512345679012347, "certain": 0.164021164021164, "sort": 0.1634700176366843, "pen": 0.15751763668430335, "tou": 0.1574074074074074, "peut etre": 0.1566358024691358, "gen": 0.152336860670194, "bref": 0.15189594356261024, "spoil": 0.15167548500881833, "just": 0.1515652557319224, "rien": 0.15112433862433863, "trop": 0.14947089947089948, "non": 0.14792768959435626, "humour": 0.1381172839506173, "acteur": 0.1376763668430335, "don": 0.1363536155202822, "cinem": 0.1353615520282187, "tre bien": 0.13381834215167548, "dej": 0.13348765432098766, "apre": 0.13304673721340388, "incept": 0.13084215167548502, "voir": 0.13051146384479717, "quand": 0.1302910052910053, "sag": 0.13018077601410935, "san": 0.12918871252204586, "pourt": 0.12742504409171077, "quand mem": 0.12665343915343916, "jam": 0.12566137566137567, "pet": 0.125, "episod": 0.12466931216931217, "reuss": 0.12444885361552029, "mal": 0.12389770723104056, "fair": 0.12301587301587301, "ca": 0.12290564373897707, "not": 0.12268518518518519, "musiqu": 0.12191358024691358, "moin": 0.12169312169312169, "mi scen": 0.1214726631393298, "regard": 0.12048059964726632, "cot": 0.11970899470899471, "enfin": 0.119157848324515, "spectateur": 0.11772486772486772, "tout simpl": 0.1156305114638448, "vi": 0.11485890652557319, "beaucoup": 0.11474867724867725, "aim": 0.11408730158730158, "intrigu": 0.11397707231040564, "moment": 0.1130952380952381, "ici": 0.1130952380952381, "celui": 0.11221340388007055, "franch": 0.11067019400352733, "ver": 0.1095679012345679, "ailleur": 0.10890652557319223, "ennui": 0.10868606701940035, "rol": 0.10857583774250441, "arriv": 0.10846560846560846, "ete": 0.10835537918871252, "suit": 0.10835537918871252, "peut": 0.10747354497354497, "excellent": 0.10725308641975309, "livr": 0.10537918871252204, "etre": 0.10427689594356261, "tant": 0.10416666666666667, "dont": 0.103505291005291, "original": 0.10317460317460317, "total": 0.10240299823633157, "disney": 0.10108024691358025, "rev": 0.09887566137566138, "pui": 0.09854497354497355, "foi": 0.09777336860670194, "entre": 0.09700176366843033, "aut": 0.09611992945326278, "parf": 0.09523809523809523, "ain": 0.09479717813051146, "imag": 0.09358465608465609, "critiqu": 0.09347442680776014, "bon": 0.09259259259259259, "manqu": 0.09182098765432099, "temp": 0.09171075837742504, "film tre": 0.0916005291005291, "sent": 0.09126984126984126, "ide": 0.09093915343915344, "assez": 0.08895502645502645, "dit": 0.0882936507936508, "parc": 0.0882936507936508, "deux": 0.08818342151675485, "malgr": 0.08774250440917107, "retrouv": 0.08774250440917107, "nolan": 0.08741181657848325, "dommag": 0.08708112874779542, "interess": 0.08686067019400352, "jou": 0.08664021164021164, "action": 0.08641975308641975, "attend": 0.08619929453262787, "cert": 0.08498677248677249, "christoph nolan": 0.08465608465608465, "casting": 0.08410493827160494, "ridicul": 0.083994708994709, "egal": 0.08366402116402116, "coup": 0.0822310405643739, "parl": 0.0822310405643739, "complet": 0.08212081128747796, "plutot": 0.082010582010582, "interpret": 0.08179012345679013, "luk": 0.08123897707231041, "font": 0.08101851851851852, "impress": 0.08013668430335097, "univ": 0.08013668430335097, "person": 0.08002645502645503, "dialogu": 0.0796957671957672, "magnif": 0.07947530864197531, "montr": 0.07936507936507936, "fan": 0.07925485008818342, "pourquoi": 0.07892416225749559, "mauv": 0.07815255731922399, "enfant": 0.0779320987654321, "po": 0.0779320987654321, "avoir": 0.07760141093474426, "reel": 0.07738095238095238, "mort": 0.07694003527336861, "inutil": 0.07671957671957672, "faut": 0.07660934744268078, "malheur": 0.07649911816578484, "laiss": 0.07561728395061729, "tout mem": 0.07517636684303351, "emot": 0.0744047619047619, "expliqu": 0.07396384479717813, "contr": 0.07396384479717813, "grand": 0.07385361552028219, "debut": 0.0736331569664903, "ser": 0.07330246913580248, "moyen": 0.07330246913580248, "meilleur film": 0.07242063492063493, "harry pott": 0.07208994708994709, "genr": 0.07197971781305115, "pourr": 0.07197971781305115, "oui": 0.0718694885361552, "voit": 0.07164902998236332, "mieux": 0.07131834215167548, "apprec": 0.07120811287477954, "voir film": 0.0710978835978836, "cho": 0.07098765432098765, "niveau": 0.07076719576719577, "hero": 0.07054673721340388, "ensembl": 0.070326278659612, "presqu": 0.0701058201058201, "oubl": 0.06988536155202822, "mond": 0.06911375661375661, "decor": 0.06845238095238096, "film tout": 0.06845238095238096, "mech": 0.06823192239858906, "drol": 0.06790123456790123, "scen action": 0.06779100529100529, "quelqu": 0.06746031746031746, "incroi": 0.06735008818342152, "enorm": 0.06701940035273368, "asterix": 0.06690917107583774, "plus grand": 0.0667989417989418, "parfoi": 0.06668871252204586, "mer": 0.06657848324514991, "jeu acteur": 0.06613756613756613, "present": 0.0660273368606702, "touch": 0.06525573192239859, "ador": 0.0650352733686067, "quel": 0.06492504409171077, "di": 0.06459435626102293, "quoi": 0.06448412698412699, "ambianc": 0.06404320987654322, "tom hank": 0.06404320987654322, "rythm": 0.06371252204585538, "pir": 0.06283068783068783, "avant": 0.0627204585537919, "genial": 0.06238977072310405, "quelqu chos": 0.06227954144620811, "fai": 0.062169312169312166, "dur": 0.062059082892416226, "franc": 0.062059082892416226, "ceux": 0.062059082892416226, "nouveau": 0.06183862433862434, "qual": 0.06161816578483245, "meilleur": 0.06161816578483245, "film plu": 0.06161816578483245, "sen": 0.06128747795414462, "met": 0.06106701940035273, "voil": 0.06084656084656084, "anne": 0.060626102292768956, "clair": 0.060626102292768956, "tout mond": 0.060626102292768956, "complex": 0.060515873015873016, "different": 0.06040564373897707, "absolu": 0.06040564373897707, "fond": 0.059964726631393295, "rat": 0.05974426807760141, "navet": 0.05952380952380952, "demand": 0.05930335097001763, "ref": 0.059082892416225746, "ba": 0.058972663139329806, "esprit": 0.058972663139329806, "fin film": 0.058972663139329806, "imagin": 0.05875220458553792, "film a": 0.0582010582010582, "sembl": 0.057539682539682536, "comment": 0.05731922398589065, "superb": 0.05731922398589065, "commenc": 0.05720899470899471, "homm": 0.05632716049382716, "voi": 0.056106701940035274, "film voir": 0.056106701940035274, "port": 0.05599647266313933, "kylo ren": 0.05588624338624339, "vu": 0.0556657848324515, "cet episod": 0.0556657848324515, "chang": 0.05544532627865961, "fort": 0.055335097001763665, "util": 0.055335097001763665, "sinon": 0.055224867724867725, "propos": 0.05500440917107584, "dev": 0.05478395061728395, "cepend": 0.05478395061728395, "sujet": 0.054673721340388004, "epoqu": 0.054673721340388004, "passag": 0.054563492063492064, "plac": 0.05445326278659612, "aucun": 0.05445326278659612, "tet": 0.05434303350970018, "grac": 0.05434303350970018, "dern": 0.05423280423280423, "attent": 0.0539021164021164, "facon": 0.053791887125220456,